patient_id,timestamp,heart_rate_bpm,spo2_percent,respiratory_rate_bpm,systolic_bp_mmhg,diastolic_bp_mmhg,source
P-001,2026-01-01 08:00:00,70,97.0,14,124,79,monitor
P-002,2026-01-01 08:00:00,74,97.0,17,132,84,monitor
P-003,2026-01-01 08:00:00,86,94.0,18,133,84,monitor
P-004,2026-01-01 08:00:00,65,99.0,12,115,75,monitor
P-005,2026-01-01 08:00:00,80,97.0,14,118,77,monitor
P-006,2026-01-01 08:00:00,70,96.0,13,129,81,monitor
P-001,2026-01-01 08:01:00,70,96.0,13,120,77,monitor
P-002,2026-01-01 08:01:00,75,97.0,15,129,83,monitor
P-003,2026-01-01 08:01:00,88,94.0,18,134,82,monitor
P-004,2026-01-01 08:01:00,65,99.0,12,115,75,monitor
P-005,2026-01-01 08:01:00,80,97.0,16,114,77,monitor
P-006,2026-01-01 08:01:00,73,96.0,15,124,81,monitor
P-001,2026-01-01 08:02:00,67,97.0,13,123,80,monitor
P-002,2026-01-01 08:02:00,71,97.0,16,128,83,monitor
P-003,2026-01-01 08:02:00,86,94.0,18,138,86,monitor
P-004,2026-01-01 08:02:00,65,98.0,13,115,75,monitor
P-005,2026-01-01 08:02:00,80,97.0,16,122,79,monitor
P-006,2026-01-01 08:02:00,69,95.0,13,127,84,monitor
P-001,2026-01-01 08:03:00,69,99.0,14,118,80,monitor
P-002,2026-01-01 08:03:00,78,97.0,15,134,79,monitor
P-003,2026-01-01 08:03:00,86,94.0,18,135,84,monitor
P-004,2026-01-01 08:03:00,65,99.0,12,115,75,monitor
P-005,2026-01-01 08:03:00,80,97.0,15,121,82,monitor
P-006,2026-01-01 08:03:00,70,95.0,14,127,82,monitor
P-001,2026-01-01 08:04:00,68,98.0,14,122,78,monitor
P-002,2026-01-01 08:04:00,74,97.0,15,125,85,monitor
P-003,2026-01-01 08:04:00,85,94.0,18,135,84,monitor
P-004,2026-01-01 08:04:00,65,97.0,13,115,75,monitor
P-005,2026-01-01 08:04:00,80,97.0,15,117,79,monitor
P-006,2026-01-01 08:04:00,75,96.0,15,125,81,monitor
P-001,2026-01-01 08:05:00,66,97.0,14,127,79,monitor
P-002,2026-01-01 08:05:00,75,97.0,15,126,87,monitor
P-003,2026-01-01 08:05:00,86,94.0,18,137,83,monitor
P-004,2026-01-01 08:05:00,65,100.0,12,115,75,monitor
P-005,2026-01-01 08:05:00,80,97.0,16,126,78,monitor
P-006,2026-01-01 08:05:00,72,95.0,14,120,82,monitor
P-001,2026-01-01 08:06:00,67,98.0,13,124,78,monitor
P-002,2026-01-01 08:06:00,74,97.0,16,126,85,monitor
P-003,2026-01-01 08:06:00,87,94.0,18,130,85,monitor
P-004,2026-01-01 08:06:00,65,99.0,14,115,75,monitor
P-005,2026-01-01 08:06:00,80,97.0,14,116,81,monitor
P-006,2026-01-01 08:06:00,72,96.0,15,122,82,monitor
P-001,2026-01-01 08:07:00,70,97.0,15,121,77,monitor
P-002,2026-01-01 08:07:00,76,97.0,15,132,87,monitor
P-003,2026-01-01 08:07:00,83,94.0,18,137,85,monitor
P-004,2026-01-01 08:07:00,65,99.0,15,115,75,monitor
P-005,2026-01-01 08:07:00,80,97.0,15,117,78,monitor
P-006,2026-01-01 08:07:00,71,95.0,15,125,83,monitor
P-001,2026-01-01 08:08:00,70,99.0,13,128,81,monitor
P-002,2026-01-01 08:08:00,73,97.0,14,131,84,monitor
P-003,2026-01-01 08:08:00,86,94.0,18,136,84,monitor
P-004,2026-01-01 08:08:00,65,98.0,12,115,75,monitor
P-005,2026-01-01 08:08:00,80,97.0,15,122,80,monitor
P-006,2026-01-01 08:08:00,72,94.0,15,122,82,monitor
P-001,2026-01-01 08:09:00,70,96.0,14,121,82,monitor
P-002,2026-01-01 08:09:00,77,97.0,14,127,86,monitor
P-003,2026-01-01 08:09:00,86,94.0,18,136,92,monitor
P-004,2026-01-01 08:09:00,65,99.0,15,115,75,monitor
P-005,2026-01-01 08:09:00,80,97.0,16,121,79,monitor
P-006,2026-01-01 08:09:00,70,96.0,14,123,82,monitor
P-001,2026-01-01 08:10:00,74,96.0,14,115,79,monitor
P-002,2026-01-01 08:10:00,77,97.0,16,126,83,monitor
P-003,2026-01-01 08:10:00,86,94.0,18,132,85,monitor
P-004,2026-01-01 08:10:00,65,99.0,13,115,75,monitor
P-005,2026-01-01 08:10:00,80,97.0,18,121,75,monitor
P-006,2026-01-01 08:10:00,70,96.0,15,122,81,monitor
P-001,2026-01-01 08:11:00,71,98.0,12,118,79,monitor
P-002,2026-01-01 08:11:00,73,97.0,17,131,82,monitor
P-003,2026-01-01 08:11:00,86,94.0,18,141,87,monitor
P-004,2026-01-01 08:11:00,65,97.0,13,115,75,monitor
P-005,2026-01-01 08:11:00,81,97.0,17,117,80,monitor
P-006,2026-01-01 08:11:00,70,96.0,14,115,79,monitor
P-001,2026-01-01 08:12:00,69,96.0,15,115,79,monitor
P-002,2026-01-01 08:12:00,75,97.0,17,125,87,monitor
P-003,2026-01-01 08:12:00,85,94.0,18,132,85,monitor
P-004,2026-01-01 08:12:00,65,99.0,13,115,75,monitor
P-005,2026-01-01 08:12:00,82,96.0,16,118,80,monitor
P-006,2026-01-01 08:12:00,75,96.0,13,131,78,monitor
P-001,2026-01-01 08:13:00,69,98.0,14,118,79,monitor
P-002,2026-01-01 08:13:00,74,97.0,15,132,85,monitor
P-003,2026-01-01 08:13:00,83,94.0,18,137,85,monitor
P-004,2026-01-01 08:13:00,65,99.0,14,115,75,monitor
P-005,2026-01-01 08:13:00,83,96.0,15,118,81,monitor
P-006,2026-01-01 08:13:00,71,96.0,15,128,80,monitor
P-001,2026-01-01 08:14:00,71,97.0,13,123,81,monitor
P-002,2026-01-01 08:14:00,76,97.0,17,130,86,monitor
P-003,2026-01-01 08:14:00,84,94.0,18,135,84,monitor
P-004,2026-01-01 08:14:00,65,99.0,14,115,75,monitor
P-005,2026-01-01 08:14:00,84,95.0,15,126,77,monitor
P-006,2026-01-01 08:14:00,74,94.0,15,126,83,monitor
P-001,2026-01-01 08:15:00,69,97.0,14,117,81,monitor
P-002,2026-01-01 08:15:00,74,85.0,15,129,85,monitor
P-003,2026-01-01 08:15:00,83,94.0,18,132,85,monitor
P-004,2026-01-01 08:15:00,65,99.0,13,115,75,monitor
P-005,2026-01-01 08:15:00,86,95.0,15,120,77,monitor
P-006,2026-01-01 08:15:00,70,94.0,14,125,84,monitor
P-001,2026-01-01 08:16:00,71,97.0,13,116,79,monitor
P-002,2026-01-01 08:16:00,74,97.0,16,127,86,monitor
P-003,2026-01-01 08:16:00,88,94.0,18,134,85,monitor
P-004,2026-01-01 08:16:00,66,99.0,13,114,75,monitor
P-005,2026-01-01 08:16:00,87,94.0,16,120,80,monitor
P-006,2026-01-01 08:16:00,72,95.0,15,129,83,monitor
P-001,2026-01-01 08:17:00,74,97.0,14,120,84,monitor
P-002,2026-01-01 08:17:00,73,97.0,15,128,80,monitor
P-003,2026-01-01 08:17:00,83,94.0,18,132,85,monitor
P-004,2026-01-01 08:17:00,68,99.0,15,112,74,monitor
P-005,2026-01-01 08:17:00,88,94.0,16,118,78,monitor
P-006,2026-01-01 08:17:00,69,96.0,16,128,81,monitor
P-001,2026-01-01 08:18:00,66,99.0,13,123,76,monitor
P-002,2026-01-01 08:18:00,73,97.0,16,130,84,monitor
P-003,2026-01-01 08:18:00,86,94.0,18,131,84,monitor
P-004,2026-01-01 08:18:00,69,99.0,14,111,73,monitor
P-005,2026-01-01 08:18:00,89,93.0,16,116,76,monitor
P-006,2026-01-01 08:18:00,72,97.0,14,129,82,monitor
P-001,2026-01-01 08:19:00,72,98.0,16,125,79,monitor
P-002,2026-01-01 08:19:00,76,97.0,16,134,83,monitor
P-003,2026-01-01 08:19:00,86,94.0,18,138,81,monitor
P-004,2026-01-01 08:19:00,71,97.0,11,109,72,monitor
P-005,2026-01-01 08:19:00,90,93.0,15,122,83,monitor
P-006,2026-01-01 08:19:00,75,96.0,13,119,81,monitor
P-001,2026-01-01 08:20:00,70,97.0,11,119,77,monitor
P-002,2026-01-01 08:20:00,76,97.0,16,127,83,monitor
P-003,2026-01-01 08:20:00,82,94.0,18,134,86,monitor
P-004,2026-01-01 08:20:00,72,98.0,14,108,71,monitor
P-005,2026-01-01 08:20:00,92,92.0,15,117,79,monitor
P-006,2026-01-01 08:20:00,70,94.0,13,130,82,monitor
P-001,2026-01-01 08:21:00,68,98.0,13,119,81,monitor
P-002,2026-01-01 08:21:00,76,97.0,15,128,84,monitor
P-003,2026-01-01 08:21:00,80,94.0,18,130,87,monitor
P-004,2026-01-01 08:21:00,74,100.0,13,106,71,monitor
P-005,2026-01-01 08:21:00,93,92.0,16,120,86,monitor
P-006,2026-01-01 08:21:00,71,97.0,14,120,82,monitor
P-001,2026-01-01 08:22:00,68,96.0,13,116,83,monitor
P-002,2026-01-01 08:22:00,76,97.0,15,134,85,monitor
P-003,2026-01-01 08:22:00,83,94.0,18,139,86,monitor
P-004,2026-01-01 08:22:00,75,97.0,13,105,70,monitor
P-005,2026-01-01 08:22:00,94,91.0,15,115,81,monitor
P-006,2026-01-01 08:22:00,69,97.0,15,123,81,monitor
P-001,2026-01-01 08:23:00,68,97.0,14,117,80,monitor
P-002,2026-01-01 08:23:00,74,97.0,15,127,83,monitor
P-003,2026-01-01 08:23:00,86,94.0,19,136,83,monitor
P-004,2026-01-01 08:23:00,77,99.0,14,103,69,monitor
P-005,2026-01-01 08:23:00,95,91.0,14,121,78,monitor
P-006,2026-01-01 08:23:00,70,96.0,13,120,82,monitor
P-001,2026-01-01 08:24:00,70,97.0,14,115,79,monitor
P-002,2026-01-01 08:24:00,72,97.0,15,130,83,monitor
P-003,2026-01-01 08:24:00,84,93.0,19,138,83,monitor
P-004,2026-01-01 08:24:00,78,99.0,12,102,68,monitor
P-005,2026-01-01 08:24:00,96,90.0,16,124,75,monitor
P-006,2026-01-01 08:24:00,73,95.0,14,126,80,monitor
P-001,2026-01-01 08:25:00,70,97.0,15,120,80,monitor
P-002,2026-01-01 08:25:00,74,97.0,15,128,85,monitor
P-003,2026-01-01 08:25:00,84,93.0,20,135,89,monitor
P-004,2026-01-01 08:25:00,80,99.0,13,100,67,monitor
P-005,2026-01-01 08:25:00,98,90.0,17,118,75,monitor
P-006,2026-01-01 08:25:00,68,,14,125,85,monitor
P-001,2026-01-01 08:26:00,70,97.0,14,113,80,monitor
P-002,2026-01-01 08:26:00,76,97.0,14,133,85,monitor
P-003,2026-01-01 08:26:00,84,93.0,20,136,89,monitor
P-004,2026-01-01 08:26:00,81,99.0,14,99,67,monitor
P-005,2026-01-01 08:26:00,99,89.0,15,117,81,monitor
P-006,2026-01-01 08:26:00,72,,14,126,82,monitor
P-001,2026-01-01 08:27:00,72,97.0,13,117,79,monitor
P-002,2026-01-01 08:27:00,75,97.0,16,127,86,monitor
P-003,2026-01-01 08:27:00,87,92.0,20,136,88,monitor
P-004,2026-01-01 08:27:00,83,98.0,12,97,66,monitor
P-005,2026-01-01 08:27:00,100,89.0,14,124,81,monitor
P-006,2026-01-01 08:27:00,72,,13,132,82,monitor
P-001,2026-01-01 08:28:00,70,98.0,14,120,78,monitor
P-002,2026-01-01 08:28:00,75,97.0,17,134,88,monitor
P-003,2026-01-01 08:28:00,83,92.0,21,132,84,monitor
P-004,2026-01-01 08:28:00,84,99.0,15,96,65,monitor
P-005,2026-01-01 08:28:00,101,88.0,14,124,79,monitor
P-006,2026-01-01 08:28:00,69,,13,127,82,monitor
P-001,2026-01-01 08:29:00,67,96.0,13,125,79,monitor
P-002,2026-01-01 08:29:00,71,97.0,15,129,79,monitor
P-003,2026-01-01 08:29:00,84,92.0,21,134,86,monitor
P-004,2026-01-01 08:29:00,86,100.0,15,94,64,monitor
P-005,2026-01-01 08:29:00,102,88.0,15,116,85,monitor
P-006,2026-01-01 08:29:00,72,,14,125,81,monitor
P-001,2026-01-01 08:30:00,68,97.0,13,118,78,monitor
P-002,2026-01-01 08:30:00,75,85.0,15,134,79,monitor
P-003,2026-01-01 08:30:00,87,91.0,22,138,80,monitor
P-004,2026-01-01 08:30:00,87,98.0,13,93,63,monitor
P-005,2026-01-01 08:30:00,104,87.0,14,117,77,monitor
P-006,2026-01-01 08:30:00,73,,16,127,79,monitor
P-001,2026-01-01 08:31:00,68,98.0,12,122,79,monitor
P-002,2026-01-01 08:31:00,74,97.0,16,131,84,monitor
P-003,2026-01-01 08:31:00,87,91.0,22,131,86,monitor
P-004,2026-01-01 08:31:00,89,99.0,13,91,63,monitor
P-005,2026-01-01 08:31:00,102,88.0,16,116,81,monitor
P-006,2026-01-01 08:31:00,70,,16,122,79,monitor
P-001,2026-01-01 08:32:00,66,98.0,12,125,75,monitor
P-002,2026-01-01 08:32:00,78,97.0,16,129,83,monitor
P-003,2026-01-01 08:32:00,85,91.0,22,134,87,monitor
P-004,2026-01-01 08:32:00,90,99.0,14,90,62,monitor
P-005,2026-01-01 08:32:00,100,89.0,15,119,80,monitor
P-006,2026-01-01 08:32:00,69,,15,125,81,monitor
P-001,2026-01-01 08:33:00,70,98.0,13,117,80,monitor
P-002,2026-01-01 08:33:00,73,97.0,16,124,87,monitor
P-003,2026-01-01 08:33:00,85,91.0,23,135,86,monitor
P-004,2026-01-01 08:33:00,92,100.0,15,88,61,monitor
P-005,2026-01-01 08:33:00,98,90.0,14,116,78,monitor
P-006,2026-01-01 08:33:00,73,,14,125,80,monitor
P-001,2026-01-01 08:34:00,68,96.0,13,115,78,monitor
P-002,2026-01-01 08:34:00,77,97.0,15,137,85,monitor
P-003,2026-01-01 08:34:00,85,90.0,23,132,86,monitor
P-004,2026-01-01 08:34:00,93,98.0,14,87,60,monitor
P-005,2026-01-01 08:34:00,96,91.0,18,119,82,monitor
P-006,2026-01-01 08:34:00,71,,16,123,85,monitor
P-001,2026-01-01 08:35:00,71,97.0,14,122,81,monitor
P-002,2026-01-01 08:35:00,71,97.0,15,129,84,monitor
P-003,2026-01-01 08:35:00,86,90.0,24,135,82,monitor
P-004,2026-01-01 08:35:00,95,99.0,14,85,59,monitor
P-005,2026-01-01 08:35:00,94,92.0,16,123,81,monitor
P-006,2026-01-01 08:35:00,71,,13,126,82,monitor
P-001,2026-01-01 08:36:00,70,96.0,12,123,79,monitor
P-002,2026-01-01 08:36:00,76,97.0,16,130,86,monitor
P-003,2026-01-01 08:36:00,83,90.0,24,135,84,monitor
P-004,2026-01-01 08:36:00,96,98.0,13,84,59,monitor
P-005,2026-01-01 08:36:00,92,93.0,16,118,82,monitor
P-006,2026-01-01 08:36:00,71,,14,129,82,monitor
P-001,2026-01-01 08:37:00,72,96.0,14,122,80,monitor
P-002,2026-01-01 08:37:00,77,97.0,15,134,89,monitor
P-003,2026-01-01 08:37:00,84,89.0,24,133,87,monitor
P-004,2026-01-01 08:37:00,98,100.0,13,82,58,monitor
P-005,2026-01-01 08:37:00,90,94.0,15,119,77,monitor
P-006,2026-01-01 08:37:00,69,,14,124,82,monitor
P-001,2026-01-01 08:38:00,73,97.0,14,119,79,monitor
P-002,2026-01-01 08:38:00,76,97.0,14,131,85,monitor
P-003,2026-01-01 08:38:00,85,89.0,25,135,89,monitor
P-004,2026-01-01 08:38:00,99,98.0,13,81,57,monitor
P-005,2026-01-01 08:38:00,88,95.0,15,118,78,monitor
P-006,2026-01-01 08:38:00,74,,14,122,82,monitor
P-001,2026-01-01 08:39:00,68,98.0,14,115,83,monitor
P-002,2026-01-01 08:39:00,78,97.0,15,128,85,monitor
P-003,2026-01-01 08:39:00,85,89.0,25,136,89,monitor
P-004,2026-01-01 08:39:00,101,98.0,13,79,56,monitor
P-005,2026-01-01 08:39:00,86,96.0,14,117,79,monitor
P-006,2026-01-01 08:39:00,70,,15,124,84,monitor
P-001,2026-01-01 08:40:00,75,97.0,13,123,81,monitor
P-002,2026-01-01 08:40:00,78,97.0,16,128,86,monitor
P-003,2026-01-01 08:40:00,87,88.0,26,137,86,monitor
P-004,2026-01-01 08:40:00,102,100.0,15,78,55,monitor
P-005,2026-01-01 08:40:00,84,97.0,17,121,79,monitor
P-006,2026-01-01 08:40:00,74,,14,126,81,monitor
P-001,2026-01-01 08:41:00,70,99.0,14,120,77,monitor
P-002,2026-01-01 08:41:00,76,97.0,16,136,84,monitor
P-003,2026-01-01 08:41:00,85,88.0,26,135,88,monitor
P-004,2026-01-01 08:41:00,104,98.0,14,76,55,monitor
P-005,2026-01-01 08:41:00,82,97.0,16,120,79,monitor
P-006,2026-01-01 08:41:00,74,,13,125,80,monitor
P-001,2026-01-01 08:42:00,72,96.0,13,121,83,monitor
P-002,2026-01-01 08:42:00,74,97.0,15,135,82,monitor
P-003,2026-01-01 08:42:00,80,88.0,26,136,83,monitor
P-004,2026-01-01 08:42:00,105,97.0,14,75,54,monitor
P-005,2026-01-01 08:42:00,80,97.0,16,118,77,monitor
P-006,2026-01-01 08:42:00,73,,14,130,79,monitor
P-001,2026-01-01 08:43:00,66,97.0,13,120,79,monitor
P-002,2026-01-01 08:43:00,75,97.0,14,134,84,monitor
P-003,2026-01-01 08:43:00,87,88.0,27,136,85,monitor
P-004,2026-01-01 08:43:00,107,99.0,14,73,53,monitor
P-005,2026-01-01 08:43:00,80,97.0,16,123,80,monitor
P-006,2026-01-01 08:43:00,71,,16,122,85,monitor
P-001,2026-01-01 08:44:00,69,96.0,14,117,81,monitor
P-002,2026-01-01 08:44:00,73,97.0,15,124,84,monitor
P-003,2026-01-01 08:44:00,80,87.0,27,130,86,monitor
P-004,2026-01-01 08:44:00,108,99.0,14,72,52,monitor
P-005,2026-01-01 08:44:00,80,97.0,15,119,79,monitor
P-006,2026-01-01 08:44:00,75,,15,124,82,monitor
P-001,2026-01-01 08:45:00,70,95.0,13,117,77,monitor
P-002,2026-01-01 08:45:00,74,85.0,17,131,83,monitor
P-003,2026-01-01 08:45:00,86,87.0,28,139,86,monitor
P-004,2026-01-01 08:45:00,110,99.0,13,70,51,monitor
P-005,2026-01-01 08:45:00,80,97.0,16,121,81,monitor
P-006,2026-01-01 08:45:00,74,,14,128,82,monitor
P-001,2026-01-01 08:46:00,74,97.0,15,120,78,monitor
P-002,2026-01-01 08:46:00,74,97.0,15,131,86,monitor
P-003,2026-01-01 08:46:00,83,87.0,28,134,89,monitor
P-004,2026-01-01 08:46:00,111,100.0,14,70,51,monitor
P-005,2026-01-01 08:46:00,80,97.0,16,120,81,monitor
P-006,2026-01-01 08:46:00,71,,13,126,83,monitor
P-001,2026-01-01 08:47:00,69,99.0,12,115,80,monitor
P-002,2026-01-01 08:47:00,77,97.0,17,128,87,monitor
P-003,2026-01-01 08:47:00,84,86.0,28,134,86,monitor
P-004,2026-01-01 08:47:00,113,99.0,12,70,50,monitor
P-005,2026-01-01 08:47:00,80,97.0,17,124,78,monitor
P-006,2026-01-01 08:47:00,72,,15,123,80,monitor
P-001,2026-01-01 08:48:00,69,99.0,14,118,81,monitor
P-002,2026-01-01 08:48:00,69,97.0,17,124,84,monitor
P-003,2026-01-01 08:48:00,82,86.0,29,131,87,monitor
P-004,2026-01-01 08:48:00,114,98.0,14,70,49,monitor
P-005,2026-01-01 08:48:00,80,97.0,15,121,80,monitor
P-006,2026-01-01 08:48:00,73,,14,120,81,monitor
P-001,2026-01-01 08:49:00,73,98.0,13,118,79,monitor
P-002,2026-01-01 08:49:00,79,97.0,16,131,87,monitor
P-003,2026-01-01 08:49:00,85,86.0,29,134,84,monitor
P-004,2026-01-01 08:49:00,116,98.0,13,70,48,monitor
P-005,2026-01-01 08:49:00,80,97.0,16,120,81,monitor
P-006,2026-01-01 08:49:00,72,,13,127,82,monitor
P-001,2026-01-01 08:50:00,71,95.0,16,119,82,monitor
P-002,2026-01-01 08:50:00,72,97.0,16,126,83,monitor
P-003,2026-01-01 08:50:00,88,85.0,30,134,85,monitor
P-004,2026-01-01 08:50:00,117,99.0,14,70,47,monitor
P-005,2026-01-01 08:50:00,80,97.0,16,121,84,monitor
P-006,2026-01-01 08:50:00,72,,16,128,84,monitor
P-001,2026-01-01 08:51:00,71,96.0,15,116,80,monitor
P-002,2026-01-01 08:51:00,73,97.0,15,130,85,monitor
P-003,2026-01-01 08:51:00,85,85.0,30,139,85,monitor
P-004,2026-01-01 08:51:00,119,98.0,14,70,47,monitor
P-005,2026-01-01 08:51:00,80,97.0,17,116,81,monitor
P-006,2026-01-01 08:51:00,71,,16,124,82,monitor
P-001,2026-01-01 08:52:00,69,98.0,12,115,83,monitor
P-002,2026-01-01 08:52:00,73,97.0,15,123,83,monitor
P-003,2026-01-01 08:52:00,82,85.0,30,139,87,monitor
P-004,2026-01-01 08:52:00,120,98.0,16,70,46,monitor
P-005,2026-01-01 08:52:00,80,97.0,16,119,75,monitor
P-006,2026-01-01 08:52:00,69,,13,128,86,monitor
P-001,2026-01-01 08:53:00,72,98.0,14,122,81,monitor
P-002,2026-01-01 08:53:00,75,97.0,16,129,83,monitor
P-003,2026-01-01 08:53:00,84,85.0,31,129,84,monitor
P-004,2026-01-01 08:53:00,122,98.0,12,70,45,monitor
P-005,2026-01-01 08:53:00,80,97.0,16,124,81,monitor
P-006,2026-01-01 08:53:00,70,,15,122,81,monitor
P-001,2026-01-01 08:54:00,71,97.0,14,115,78,monitor
P-002,2026-01-01 08:54:00,75,97.0,14,131,84,monitor
P-003,2026-01-01 08:54:00,86,84.0,31,135,87,monitor
P-004,2026-01-01 08:54:00,123,99.0,13,70,44,monitor
P-005,2026-01-01 08:54:00,80,97.0,16,121,80,monitor
P-006,2026-01-01 08:54:00,70,,14,120,85,monitor
P-001,2026-01-01 08:55:00,67,97.0,13,122,79,monitor
P-002,2026-01-01 08:55:00,77,97.0,15,130,83,monitor
P-003,2026-01-01 08:55:00,89,84.0,32,131,85,monitor
P-004,2026-01-01 08:55:00,125,99.0,14,70,43,monitor
P-005,2026-01-01 08:55:00,80,97.0,15,119,80,monitor
P-006,2026-01-01 08:55:00,73,,17,123,79,monitor
P-001,2026-01-01 08:56:00,69,100.0,13,124,83,monitor
P-002,2026-01-01 08:56:00,73,97.0,16,134,84,monitor
P-003,2026-01-01 08:56:00,84,84.0,32,133,82,monitor
P-004,2026-01-01 08:56:00,126,98.0,12,70,43,monitor
P-005,2026-01-01 08:56:00,80,97.0,16,117,80,monitor
P-006,2026-01-01 08:56:00,72,,15,119,82,monitor
P-001,2026-01-01 08:57:00,72,96.0,15,121,78,monitor
P-002,2026-01-01 08:57:00,74,97.0,16,130,86,monitor
P-003,2026-01-01 08:57:00,83,83.0,32,135,82,monitor
P-004,2026-01-01 08:57:00,128,98.0,13,70,42,monitor
P-005,2026-01-01 08:57:00,80,97.0,15,123,82,monitor
P-006,2026-01-01 08:57:00,69,,14,128,82,monitor
P-001,2026-01-01 08:58:00,74,98.0,14,119,80,monitor
P-002,2026-01-01 08:58:00,74,97.0,16,132,83,monitor
P-003,2026-01-01 08:58:00,82,83.0,33,129,86,monitor
P-004,2026-01-01 08:58:00,129,97.0,11,70,41,monitor
P-005,2026-01-01 08:58:00,80,97.0,16,127,79,monitor
P-006,2026-01-01 08:58:00,72,,14,127,81,monitor
P-001,2026-01-01 08:59:00,70,98.0,13,122,79,monitor
P-002,2026-01-01 08:59:00,73,97.0,16,127,85,monitor
P-003,2026-01-01 08:59:00,84,83.0,33,138,85,monitor
P-004,2026-01-01 08:59:00,131,98.0,14,70,40,monitor
P-005,2026-01-01 08:59:00,80,97.0,17,121,80,monitor
P-006,2026-01-01 08:59:00,69,,14,123,81,monitor
